cluster,categ_0,categ_1,categ_2,categ_3,categ_4,cluster_name
0,24.521667920590733,21.391587762505914,16.029273447001856,19.48286015311558,14.27563786466605,(0)Khách Mới
1,24.428435384527614,19.66260929901828,16.168297827211372,22.62747957435517,15.554280072371443,(1)Săn Sale
2,23.80648742883908,19.679660344586193,14.622836825603573,20.086071862297846,16.139276920400807,(2)Ít tương tác
3,26.509733780891565,20.70681847570318,16.005042763277046,21.119386089959015,13.725166543124784,(3)Khách Hàng Cao Cấp
