cluster,categ_0,categ_1,categ_2,categ_3,categ_4,cluster_name
1,22.756520057294946,15.054966875323817,18.68451938324257,25.24026372904924,18.263729955089435,Cluster 1
2,22.581037704912703,15.945221672988382,21.08729417537331,23.788988661609423,16.597457785116184,Cluster 2
3,24.42785874088785,12.270622995856526,19.29924421038052,24.779402141945827,19.231890065584935,Cluster 3
