cluster,categ_0,categ_1,categ_2,categ_3,categ_4,cluster_name
0,20.10856232564254,11.459570206187204,24.884513803734652,23.82279574289981,14.631486275415508,(0)Khách Mới
1,21.119386089959015,13.553676541726,20.90440158450239,26.509733780891565,16.005042763277046,(1)Săn Sale
2,19.465949608869536,13.694962069828598,21.610755416424578,24.512550560069986,16.02724039374313,(2)Ít tương tác
3,22.62747957435517,12.398970692029671,22.90239816607799,24.428435384527614,16.168297827211372,(3)Khách Hàng Cao Cấp
