cluster,customer_count,avg_count,avg_mean,avg_sum,avg_LastPurchase,avg_categ_0,avg_categ_1,avg_categ_2,avg_categ_3,avg_categ_4,cluster_name
0,1470,1.8326530612244898,287.99647332766443,489.6364510204082,54.298639455782315,24.521667920590733,21.391587762505914,16.029273447001856,19.48286015311558,14.27563786466605,(0)Ít tương tác
1,489,7.8537832310838445,422.2747697136763,2759.9261758691205,24.194274028629856,24.428435384527614,19.66260929901828,16.168297827211372,22.62747957435517,15.554280072371443,(1)VIP
2,991,1.3148335015136225,275.12350323146416,371.0330373360242,213.68819374369323,23.80648742883908,19.679660344586193,14.622836825603573,20.086071862297846,16.139276920400807,(2)Mới
3,658,4.123100303951368,435.190942611087,1671.628508738602,43.650455927051674,26.509733780891565,20.70681847570318,16.005042763277046,21.119386089959015,13.725166543124784,(3)Săn sale
