cluster,customer_count,avg_count,avg_mean,avg_sum,avg_LastPurchase,avg_categ_0,avg_categ_1,avg_categ_2,avg_categ_3,avg_categ_4,cluster_name
0,995,1.3165829145728642,275.16361477626225,371.6505427135678,213.37286432160803,20.10856232564254,11.459570206187204,24.884513803734652,23.82279574289981,14.631486275415508,(0)Khách Mới
1,658,4.123100303951368,435.190942611087,1671.628508738602,43.650455927051674,21.119386089959015,13.553676541726,20.90440158450239,26.509733780891565,16.005042763277046,(1)Săn Sale
2,1466,1.8328785811732606,288.0043729820373,489.54095020463853,54.07776261937244,19.465949608869536,13.694962069828598,21.610755416424578,24.512550560069986,16.02724039374313,(2)Ít tương tác
3,489,7.8537832310838445,422.2747697136763,2759.9261758691205,24.194274028629856,22.62747957435517,12.398970692029671,22.90239816607799,24.428435384527614,16.168297827211372,(3)Khách Hàng Cao Cấp
