cluster,customer_count,avg_count,avg_mean,avg_sum,avg_LastPurchase,avg_categ_0,avg_categ_1,avg_categ_2,avg_categ_3,avg_categ_4,cluster_name
1,1120,5.004464285714286,269.72955357142854,1348.6631696428572,33.37589285714286,22.756520057294946,15.054966875323817,18.68451938324257,25.24026372904924,18.263729955089435,Cluster 1
2,71,5.0,56.59718309859155,282.98591549295776,34.647887323943664,22.581037704912703,15.945221672988382,21.08729417537331,23.788988661609423,16.597457785116184,Cluster 2
3,1360,15.198529411764707,522.3302177386196,7998.460257352941,18.173529411764704,24.42785874088785,12.270622995856526,19.29924421038052,24.779402141945827,19.231890065584935,Cluster 3
